title,description
Refonte du site web,Redévelopper le site pour améliorer l'expérience utilisateur.
Audit de sécurité,Examiner le système pour renforcer les mesures de sécurité.
Stratégie de marketing digital,Élaborer une campagne marketing pour le nouveau produit.
Optimisation des opérations,Améliorer les procédures opérationnelles pour accroître l'efficacité.
Renouvellement de l'équipement,Planifier le remplacement de l'équipement obsolète.
Formation en leadership,Organiser une formation pour les nouveaux managers.
Développement de partenariats,Identifier et nouer des partenariats stratégiques.
Analyse de données de vente,Examiner les données de vente pour identifier les tendances.
Plan de gestion des risques,Établir un plan pour atténuer les risques potentiels.
Mise à jour logicielle,Planifier la mise à jour des systèmes logiciels.
Enquête sur la satisfaction client,Conduire une enquête pour évaluer la satisfaction client.
Campagne de sensibilisation,Organiser une campagne pour promouvoir la durabilité.
Révision de la politique d'entreprise,Mettre à jour les politiques pour se conformer aux nouvelles réglementations.
Amélioration de la chaîne d'approvisionnement,Optimiser la chaîne d'approvisionnement pour réduire les coûts.
Stratégie de contenu,Élaborer une stratégie de contenu pour le blog de l'entreprise.
Planification d'événements,Organiser un événement d'entreprise pour les clients clés.
Audit financier,Effectuer un audit pour examiner les dépenses.
Renforcement des relations clients,Développer des stratégies pour améliorer l'engagement des clients.
Recherche et développement,Diriger un projet de recherche pour un nouveau produit.
Optimisation du site e-commerce,Améliorer la plateforme e-commerce pour augmenter les ventes.
Mise en place d'un système CRM,Implémenter un système CRM pour gérer les relations clients.
Évaluation de la performance,Conduire une évaluation de la performance des employés.
Stratégie de réseaux sociaux,Développer une stratégie pour augmenter la présence sur les réseaux sociaux.
Planification des ressources humaines,Élaborer un plan de recrutement pour l'année prochaine.
Campagne publicitaire,Concevoir une campagne publicitaire pour le lancement de produit.
Analyse concurrentielle,Étudier les concurrents pour identifier les opportunités de marché.
Développement durable,Initier un projet axé sur la durabilité.
Plan de relance,Élaborer un plan de relance après une période de baisse des ventes.
Mise à niveau de l'infrastructure TI,Planifier la mise à niveau du réseau informatique.
Révision des processus internes,Examiner les processus internes pour identifier les améliorations.
Campagne de fidélisation,Concevoir une campagne pour augmenter la fidélisation des clients.
Stratégie de prix,Analyser et ajuster la stratégie de tarification.
Expansion du marché,Élaborer un plan pour pénétrer un nouveau marché.
Optimisation de la logistique,Améliorer les processus logistiques pour accélérer les livraisons.
Planification stratégique,Diriger une session de planification stratégique avec l'équipe de direction.
Renforcement de l'équipe,Organiser une retraite d'équipe pour renforcer la cohésion.
Analyse de la chaîne de valeur,Évaluer la chaîne de valeur pour identifier les zones d'amélioration.
Gestion des stocks,Optimiser la gestion des stocks pour éviter